name,orig,thumb
ab-1451x1920,/img/paintings/ab-1451x1920.jpg,/img/thumb/thumb.ab.jpg
ae1-1428x1920,/img/paintings/ae1-1428x1920.jpg,/img/thumb/thumb.ae1.jpg
ae2-1423x1920,/img/paintings/ae2-1423x1920.jpg,/img/thumb/thumb.ae2.jpg
ak-1452x1920,/img/paintings/ak-1452x1920.jpg,/img/thumb/thumb.ak.jpg
auge-1920x1449,/img/paintings/auge-1920x1449.jpg,/img/thumb/thumb.auge.jpg
b-2085x2774,/img/paintings/b-2085x2774.jpg,/img/thumb/thumb.b.jpg
cmo-1434x1920,/img/paintings/cmo-1434x1920.jpg,/img/thumb/thumb.cmo.jpg
ct-1396x1920,/img/paintings/ct-1396x1920.jpg,/img/thumb/thumb.ct.jpg
dm-1440x1920,/img/paintings/dm-1440x1920.jpg,/img/thumb/thumb.dm.jpg
dmm-1464x1920,/img/paintings/dmm-1464x1920.jpg,/img/thumb/thumb.dmm.jpg
eule-1400x1920,/img/paintings/eule-1400x1920.jpg,/img/thumb/thumb.eule.jpg
grg-1444x1920,/img/paintings/grg-1444x1920.jpg,/img/thumb/thumb.grg.jpg
hag1-1415x1920,/img/paintings/hag1-1415x1920.jpg,/img/thumb/thumb.hag1.jpg
hag2-1458x1920,/img/paintings/hag2-1458x1920.jpg,/img/thumb/thumb.hag2.jpg
hh-1399x1920,/img/paintings/hh-1399x1920.jpg,/img/thumb/thumb.hh.jpg
jk1-1423x1920,/img/paintings/jk1-1423x1920.jpg,/img/thumb/thumb.jk1.jpg
jk2-1430x1920,/img/paintings/jk2-1430x1920.jpg,/img/thumb/thumb.jk2.jpg
kg-1428x1920,/img/paintings/kg-1428x1920.jpg,/img/thumb/thumb.kg.jpg
mb-1431x1920,/img/paintings/mb-1431x1920.jpg,/img/thumb/thumb.mb.jpg
mk-1419x1920,/img/paintings/mk-1419x1920.jpg,/img/thumb/thumb.mk.jpg
nk-1428x1920,/img/paintings/nk-1428x1920.jpg,/img/thumb/thumb.nk.jpg
panda-1426x1920,/img/paintings/panda-1426x1920.jpg,/img/thumb/thumb.panda.jpg
reh-1920x1441,/img/paintings/reh-1920x1441.jpg,/img/thumb/thumb.reh.jpg
sb-1435x1920,/img/paintings/sb-1435x1920.jpg,/img/thumb/thumb.sb.jpg
sh-1393x1920,/img/paintings/sh-1393x1920.jpg,/img/thumb/thumb.sh.jpg
tb-1269x1920,/img/paintings/tb-1269x1920.jpg,/img/thumb/thumb.tb.jpg
tb2-1919x1920,/img/paintings/tb2-1919x1920.jpg,/img/thumb/thumb.tb2.jpg
vs-1440x1920,/img/paintings/vs-1440x1920.jpg,/img/thumb/thumb.vs.jpg
